,Loan_ID,Gender,Married,Dependents,Education,Self_Employed,ApplicantIncome,CoapplicantIncome,LoanAmount,Loan_Amount_Term,Credit_History,Property_Area,Loan_Status
0,LP001535,Male,No,0,Graduate,No,3254,0.0,50.0,360.0,1.0,Urban,Y
1,LP001792,Male,Yes,1,Graduate,No,3315,0.0,96.0,360.0,1.0,Semiurban,Y
2,LP002443,Male,Yes,2,Graduate,No,3340,1710.0,150.0,360.0,0.0,Rural,N
3,LP002517,Male,Yes,1,Not Graduate,No,2653,1500.0,113.0,180.0,0.0,Rural,N
4,LP001894,Male,Yes,0,Graduate,No,2620,2223.0,150.0,360.0,1.0,Semiurban,Y
5,LP001245,Male,Yes,2,Not Graduate,Yes,1875,1875.0,97.0,360.0,1.0,Semiurban,Y
6,LP002928,Male,Yes,0,Graduate,No,3000,3416.0,56.0,180.0,1.0,Semiurban,Y
7,LP001643,Male,Yes,0,Graduate,No,2383,2138.0,58.0,360.0,1.0,Rural,Y
8,LP002301,Female,No,0,Graduate,Yes,7441,0.0,194.0,360.0,1.0,Rural,N
9,LP001552,Male,Yes,0,Graduate,No,4583,5625.0,255.0,360.0,1.0,Semiurban,Y
10,LP002422,Male,No,1,Graduate,No,37719,0.0,152.0,360.0,1.0,Semiurban,Y
11,LP001350,Male,Yes,0,Graduate,No,13650,0.0,147.3099787685775,360.0,1.0,Urban,Y
12,LP001884,Female,No,1,Graduate,No,2876,1560.0,90.0,360.0,1.0,Urban,Y
13,LP001256,Male,No,0,Graduate,No,3750,4750.0,176.0,360.0,1.0,Urban,N
14,LP002128,Male,Yes,2,Graduate,No,2583,2330.0,125.0,360.0,1.0,Rural,Y
15,LP001273,Male,Yes,0,Graduate,No,6000,2250.0,265.0,360.0,1.0,Semiurban,N
16,LP001114,Male,No,0,Graduate,No,4166,7210.0,184.0,360.0,1.0,Urban,Y
17,LP001370,Male,No,0,Not Graduate,No,7333,0.0,120.0,360.0,1.0,Rural,N
18,LP001882,Male,Yes,3+,Graduate,No,4333,1811.0,160.0,360.0,0.0,Urban,Y
19,LP001345,Male,Yes,2,Not Graduate,No,4288,3263.0,133.0,180.0,1.0,Urban,Y
20,LP001488,Male,Yes,3+,Graduate,No,4000,7750.0,290.0,360.0,1.0,Semiurban,N
21,LP001136,Male,Yes,0,Not Graduate,Yes,4695,0.0,96.0,360.0,1.0,Urban,Y
22,LP001608,Male,Yes,2,Graduate,No,2045,1619.0,101.0,360.0,1.0,Rural,Y
23,LP002050,Male,Yes,1,Graduate,Yes,10000,0.0,155.0,360.0,1.0,Rural,N
24,LP001688,Male,Yes,1,Not Graduate,No,3500,1083.0,135.0,360.0,1.0,Urban,Y
25,LP001421,Male,Yes,0,Graduate,No,5568,2142.0,175.0,360.0,1.0,Rural,N
26,LP001865,Male,Yes,1,Graduate,No,6083,4250.0,330.0,360.0,1.0,Urban,Y
27,LP002008,Male,Yes,2,Graduate,Yes,5746,0.0,144.0,84.0,1.0,Rural,Y
28,LP002789,Male,Yes,0,Graduate,No,3593,4266.0,132.0,180.0,0.0,Rural,N
29,LP001263,Male,Yes,3+,Graduate,No,3167,4000.0,180.0,300.0,0.0,Semiurban,N
30,LP002087,Female,No,0,Graduate,No,2500,0.0,67.0,360.0,1.0,Urban,Y
31,LP002337,Female,No,0,Graduate,No,2995,0.0,60.0,360.0,1.0,Urban,Y
32,LP001265,Female,No,0,Graduate,No,3846,0.0,111.0,360.0,1.0,Semiurban,Y
33,LP002625,Male,No,0,Graduate,No,3583,0.0,96.0,360.0,1.0,Urban,N
34,LP002562,Male,Yes,1,Not Graduate,No,5333,1131.0,186.0,360.0,1.0,Urban,Y
35,LP002368,Male,Yes,2,Graduate,No,5935,0.0,133.0,360.0,1.0,Semiurban,Y
36,LP001222,Female,No,0,Graduate,No,4166,0.0,116.0,360.0,0.0,Semiurban,N
37,LP001938,Male,Yes,2,Graduate,No,4400,0.0,127.0,360.0,0.0,Semiurban,N
38,LP002494,Male,No,0,Graduate,No,6000,0.0,140.0,360.0,1.0,Rural,Y
39,LP001634,Male,No,0,Graduate,No,1916,5063.0,67.0,360.0,1.0,Rural,N
40,LP001259,Male,Yes,1,Graduate,Yes,1000,3022.0,110.0,360.0,1.0,Urban,N
41,LP001570,Male,Yes,2,Graduate,No,4167,1447.0,158.0,360.0,1.0,Rural,Y
42,LP001322,Male,No,0,Graduate,No,4133,0.0,122.0,360.0,1.0,Semiurban,Y
43,LP001963,Male,Yes,1,Graduate,No,2014,2925.0,113.0,360.0,1.0,Urban,N
44,LP001770,Male,No,0,Not Graduate,No,3189,2598.0,120.0,360.0,1.0,Rural,Y
45,LP002536,Male,Yes,3+,Not Graduate,No,3095,0.0,113.0,360.0,1.0,Rural,Y
46,LP002170,Male,Yes,2,Graduate,No,5000,3667.0,236.0,360.0,1.0,Semiurban,Y
47,LP001003,Male,Yes,1,Graduate,No,4583,1508.0,128.0,360.0,1.0,Rural,N
48,LP001788,Female,No,0,Graduate,Yes,3463,0.0,122.0,360.0,1.0,Urban,Y
49,LP001225,Male,Yes,0,Graduate,No,5726,4595.0,258.0,360.0,1.0,Semiurban,N
50,LP001776,Female,No,0,Graduate,No,8333,0.0,280.0,360.0,1.0,Semiurban,Y
51,LP002545,Male,No,2,Graduate,No,3547,0.0,80.0,360.0,0.0,Rural,N
52,LP001401,Male,Yes,1,Graduate,No,14583,0.0,185.0,180.0,1.0,Rural,Y
53,LP001011,Male,Yes,2,Graduate,Yes,5417,4196.0,267.0,360.0,1.0,Urban,Y
54,LP001520,Male,Yes,0,Graduate,No,4860,830.0,125.0,360.0,1.0,Semiurban,Y
55,LP002706,Male,Yes,1,Not Graduate,No,5285,1430.0,161.0,360.0,0.0,Semiurban,Y
56,LP001492,Male,No,0,Graduate,No,14999,0.0,242.0,360.0,0.0,Semiurban,N
57,LP002082,Male,Yes,0,Graduate,Yes,5818,2160.0,184.0,360.0,1.0,Semiurban,Y
58,LP002529,Male,Yes,2,Graduate,No,6700,1750.0,230.0,300.0,1.0,Semiurban,Y
59,LP001489,Female,Yes,0,Graduate,No,4583,0.0,84.0,360.0,1.0,Rural,N
60,LP002705,Male,Yes,0,Graduate,No,3775,0.0,110.0,360.0,1.0,Semiurban,Y
61,LP002739,Male,Yes,0,Not Graduate,No,2917,536.0,66.0,360.0,1.0,Rural,N
62,LP002960,Male,Yes,0,Not Graduate,No,2400,3800.0,147.3099787685775,180.0,1.0,Urban,N
63,LP001726,Male,Yes,0,Graduate,No,3727,1775.0,131.0,360.0,1.0,Semiurban,Y
64,LP001144,Male,Yes,0,Graduate,No,5821,0.0,144.0,360.0,1.0,Urban,Y
65,LP002493,Male,No,0,Graduate,No,4166,0.0,98.0,360.0,0.0,Semiurban,N
66,LP002035,Male,Yes,2,Graduate,No,3717,0.0,120.0,360.0,1.0,Semiurban,Y
67,LP002305,Female,No,0,Graduate,No,4547,0.0,115.0,360.0,1.0,Semiurban,Y
68,LP001732,Male,Yes,2,Graduate,No,5000,0.0,72.0,360.0,0.0,Semiurban,N
69,LP002043,Female,No,1,Graduate,No,3541,0.0,112.0,360.0,1.0,Semiurban,Y
70,LP002716,Male,No,0,Not Graduate,No,6783,0.0,130.0,360.0,1.0,Semiurban,Y
71,LP001047,Male,Yes,0,Not Graduate,No,2600,1911.0,116.0,360.0,0.0,Semiurban,N
72,LP001195,Male,Yes,0,Graduate,No,2132,1591.0,96.0,360.0,1.0,Semiurban,Y
73,LP001825,Male,Yes,0,Graduate,No,1809,1868.0,90.0,360.0,1.0,Urban,Y
74,LP001900,Male,Yes,1,Graduate,No,2750,1842.0,115.0,360.0,1.0,Semiurban,Y
75,LP001768,Male,Yes,0,Graduate,No,3716,0.0,42.0,180.0,1.0,Rural,Y
76,LP001138,Male,Yes,1,Graduate,No,5649,0.0,44.0,360.0,1.0,Urban,Y
77,LP001267,Female,Yes,2,Graduate,No,1378,1881.0,167.0,360.0,1.0,Urban,N
78,LP002484,Male,Yes,3+,Graduate,No,7740,0.0,128.0,180.0,1.0,Urban,Y
79,LP002314,Female,No,0,Not Graduate,No,2213,0.0,66.0,360.0,1.0,Rural,Y
80,LP002821,Male,No,0,Not Graduate,Yes,5800,0.0,132.0,360.0,1.0,Semiurban,Y
81,LP002699,Male,Yes,2,Graduate,Yes,17500,0.0,400.0,360.0,1.0,Rural,Y
82,LP002116,Female,No,0,Graduate,No,2378,0.0,46.0,360.0,1.0,Rural,N
83,LP002225,Male,Yes,2,Graduate,No,5391,0.0,130.0,360.0,1.0,Urban,Y
84,LP001606,Male,Yes,0,Graduate,No,3497,1964.0,116.0,360.0,1.0,Rural,Y
85,LP001106,Male,Yes,0,Graduate,No,2275,2067.0,147.3099787685775,360.0,1.0,Urban,Y
86,LP001207,Male,Yes,0,Not Graduate,Yes,2609,3449.0,165.0,180.0,0.0,Rural,N
87,LP001112,Female,Yes,0,Graduate,No,3667,1459.0,144.0,360.0,1.0,Semiurban,Y
88,LP001250,Male,Yes,3+,Not Graduate,No,4755,0.0,95.0,360.0,0.0,Semiurban,N
89,LP001581,Male,Yes,0,Not Graduate,No,1820,1769.0,95.0,360.0,1.0,Rural,Y
90,LP002407,Female,Yes,0,Not Graduate,Yes,7142,0.0,138.0,360.0,1.0,Rural,Y
91,LP002931,Male,Yes,2,Graduate,Yes,6000,0.0,205.0,240.0,1.0,Semiurban,N
92,LP001465,Male,Yes,0,Graduate,No,6080,2569.0,182.0,360.0,1.0,Rural,N
93,LP002606,Female,No,0,Graduate,No,3159,0.0,100.0,360.0,1.0,Semiurban,Y
94,LP002002,Female,No,0,Graduate,No,2917,0.0,84.0,360.0,1.0,Semiurban,Y
95,LP001754,Male,Yes,0,Not Graduate,Yes,4735,0.0,138.0,360.0,1.0,Urban,N
96,LP001814,Male,Yes,2,Graduate,No,9703,0.0,112.0,360.0,1.0,Urban,Y
97,LP002348,Male,Yes,0,Graduate,No,5829,0.0,138.0,360.0,1.0,Rural,Y
98,LP001953,Male,Yes,1,Graduate,No,6875,0.0,200.0,360.0,1.0,Semiurban,Y
99,LP001978,Male,No,0,Graduate,No,4000,2500.0,140.0,360.0,1.0,Rural,Y
100,LP001996,Male,No,0,Graduate,No,20233,0.0,480.0,360.0,1.0,Rural,N
101,LP002940,Male,No,0,Not Graduate,No,3833,0.0,110.0,360.0,1.0,Rural,Y
102,LP002272,Male,Yes,2,Graduate,No,3276,484.0,135.0,360.0,1.0,Semiurban,Y
103,LP001119,Male,No,0,Graduate,No,3600,0.0,80.0,360.0,1.0,Urban,N
104,LP002501,Male,Yes,0,Graduate,No,16692,0.0,110.0,360.0,1.0,Semiurban,Y
105,LP001846,Female,No,3+,Graduate,No,3083,0.0,255.0,360.0,1.0,Rural,Y
106,LP002892,Male,Yes,2,Graduate,No,6540,0.0,205.0,360.0,1.0,Semiurban,Y
107,LP001333,Male,Yes,0,Graduate,No,1977,997.0,50.0,360.0,1.0,Semiurban,Y
108,LP002983,Male,Yes,1,Graduate,No,8072,240.0,253.0,360.0,1.0,Urban,Y
109,LP001241,Female,No,0,Graduate,No,4300,0.0,136.0,360.0,0.0,Semiurban,N
110,LP001835,Male,Yes,0,Not Graduate,No,1668,3890.0,201.0,360.0,0.0,Semiurban,N
111,LP002640,Male,Yes,1,Graduate,No,6065,2004.0,250.0,360.0,1.0,Semiurban,Y
112,LP001120,Male,No,0,Graduate,No,1800,1213.0,47.0,360.0,1.0,Urban,Y
113,LP002403,Male,No,0,Graduate,Yes,10416,0.0,187.0,360.0,0.0,Urban,N
114,LP001907,Male,Yes,0,Graduate,No,14583,0.0,436.0,360.0,1.0,Semiurban,Y
115,LP002110,Male,Yes,1,Graduate,No,5250,688.0,160.0,360.0,1.0,Rural,Y
116,LP002820,Male,Yes,0,Graduate,No,5923,2054.0,211.0,360.0,1.0,Rural,Y
117,LP001871,Female,No,0,Graduate,No,7200,0.0,120.0,360.0,1.0,Rural,Y
118,LP002119,Male,Yes,1,Not Graduate,No,4554,1229.0,158.0,360.0,1.0,Urban,Y
119,LP002317,Male,Yes,3+,Graduate,No,81000,0.0,360.0,360.0,0.0,Rural,N
120,LP002534,Female,No,0,Not Graduate,No,4350,0.0,154.0,360.0,1.0,Rural,Y
121,LP001888,Female,No,0,Graduate,No,3237,0.0,30.0,360.0,1.0,Urban,Y
122,LP002429,Male,Yes,1,Graduate,Yes,3466,1210.0,130.0,360.0,1.0,Rural,Y
123,LP002284,Male,No,0,Not Graduate,No,3902,1666.0,109.0,360.0,1.0,Rural,Y
124,LP002911,Male,Yes,1,Graduate,No,2787,1917.0,146.0,360.0,0.0,Rural,N
125,LP002941,Male,Yes,2,Not Graduate,Yes,6383,1000.0,187.0,360.0,1.0,Rural,N
126,LP002894,Female,Yes,0,Graduate,No,3166,0.0,36.0,360.0,1.0,Semiurban,Y
127,LP001813,Male,No,0,Graduate,Yes,6050,4333.0,120.0,180.0,1.0,Urban,N
128,LP001674,Male,Yes,1,Not Graduate,No,2600,2500.0,90.0,360.0,1.0,Semiurban,Y
129,LP002362,Male,Yes,1,Graduate,No,7250,1667.0,110.0,360.0,0.0,Urban,N
130,LP001875,Male,No,0,Graduate,No,4095,3447.0,151.0,360.0,1.0,Rural,Y
131,LP002101,Male,Yes,0,Graduate,No,63337,0.0,490.0,180.0,1.0,Urban,Y
132,LP001123,Male,Yes,0,Graduate,No,2400,0.0,75.0,360.0,1.0,Urban,Y
133,LP002537,Male,Yes,0,Graduate,No,2083,3150.0,128.0,360.0,1.0,Semiurban,Y
134,LP001385,Male,No,0,Graduate,No,5316,0.0,136.0,360.0,1.0,Urban,Y
135,LP001266,Male,Yes,1,Graduate,Yes,2395,0.0,147.3099787685775,360.0,1.0,Semiurban,Y
136,LP002807,Male,Yes,2,Not Graduate,No,3675,242.0,108.0,360.0,1.0,Semiurban,Y
137,LP002634,Female,No,1,Graduate,No,13262,0.0,40.0,360.0,1.0,Urban,Y
138,LP001430,Female,No,0,Graduate,No,4166,0.0,44.0,360.0,1.0,Semiurban,Y
139,LP002794,Female,No,0,Graduate,No,2667,1625.0,84.0,360.0,1.0,Urban,Y
140,LP002231,Female,No,0,Graduate,No,6000,0.0,156.0,360.0,1.0,Urban,Y
141,LP001387,Female,Yes,0,Graduate,No,2929,2333.0,139.0,360.0,1.0,Semiurban,Y
142,LP002717,Male,Yes,0,Graduate,No,1025,5500.0,216.0,360.0,1.0,Rural,Y
143,LP002690,Male,No,0,Graduate,No,2500,0.0,55.0,360.0,1.0,Semiurban,Y
144,LP001279,Male,No,0,Graduate,No,2366,2531.0,136.0,360.0,1.0,Semiurban,Y
145,LP001536,Male,Yes,3+,Graduate,No,39999,0.0,600.0,180.0,0.0,Semiurban,Y
146,LP002950,Male,Yes,0,Not Graduate,No,2894,2792.0,155.0,360.0,1.0,Rural,Y
147,LP002974,Male,Yes,0,Graduate,No,3232,1950.0,108.0,360.0,1.0,Rural,Y
148,LP002180,Male,No,0,Graduate,Yes,6822,0.0,141.0,360.0,1.0,Rural,Y
149,LP002472,Male,No,2,Graduate,No,4354,0.0,136.0,360.0,1.0,Rural,Y
150,LP002478,Male,Yes,0,Graduate,Yes,2083,4083.0,160.0,360.0,1.0,Semiurban,Y
151,LP002318,Female,No,1,Not Graduate,Yes,3867,0.0,62.0,360.0,1.0,Semiurban,N
152,LP002139,Male,Yes,0,Graduate,No,9083,0.0,228.0,360.0,1.0,Semiurban,Y
153,LP001806,Male,No,0,Graduate,No,2965,5701.0,155.0,60.0,1.0,Urban,Y
154,LP001194,Male,Yes,2,Graduate,No,2708,1167.0,97.0,360.0,1.0,Semiurban,Y
155,LP001392,Female,No,1,Graduate,Yes,7451,0.0,147.3099787685775,360.0,1.0,Semiurban,Y
156,LP002855,Male,Yes,2,Graduate,No,16666,0.0,275.0,360.0,1.0,Urban,Y
157,LP002223,Male,Yes,0,Graduate,No,4310,0.0,130.0,360.0,1.0,Semiurban,Y
158,LP001849,Male,No,0,Not Graduate,No,6045,0.0,115.0,360.0,0.0,Rural,N
159,LP002188,Male,No,0,Graduate,No,5124,0.0,124.0,360.0,0.0,Rural,N
160,LP001029,Male,No,0,Graduate,No,1853,2840.0,114.0,360.0,1.0,Rural,N
161,LP001531,Male,No,0,Graduate,No,9166,0.0,244.0,360.0,1.0,Urban,N
162,LP002697,Male,No,0,Graduate,No,4680,2087.0,147.3099787685775,360.0,1.0,Semiurban,N
163,LP001146,Female,Yes,0,Graduate,No,2645,3440.0,120.0,360.0,0.0,Urban,N
164,LP001046,Male,Yes,1,Graduate,No,5955,5625.0,315.0,360.0,1.0,Urban,Y
165,LP002531,Male,Yes,1,Graduate,Yes,16667,2250.0,86.0,360.0,1.0,Semiurban,Y
166,LP002949,Female,No,3+,Graduate,No,416,41667.0,350.0,180.0,1.0,Urban,N
167,LP002757,Female,Yes,0,Not Graduate,No,3017,663.0,102.0,360.0,1.0,Semiurban,Y
168,LP001504,Male,No,0,Graduate,Yes,6950,0.0,175.0,180.0,1.0,Semiurban,Y
169,LP002473,Male,Yes,0,Graduate,No,8334,0.0,160.0,360.0,1.0,Semiurban,N
170,LP002916,Male,Yes,0,Graduate,No,2297,1522.0,104.0,360.0,1.0,Urban,Y
171,LP001497,Male,Yes,2,Graduate,No,5042,2083.0,185.0,360.0,1.0,Rural,N
172,LP002788,Male,Yes,0,Not Graduate,No,2454,2333.0,181.0,360.0,0.0,Urban,N
173,LP002723,Male,No,2,Graduate,No,3588,0.0,110.0,360.0,0.0,Rural,N
174,LP001179,Male,Yes,2,Graduate,No,4616,0.0,134.0,360.0,1.0,Urban,N
175,LP002925,Male,No,0,Graduate,No,4750,0.0,94.0,360.0,1.0,Semiurban,Y
176,LP002418,Male,No,3+,Not Graduate,No,4707,1993.0,148.0,360.0,1.0,Semiurban,Y
177,LP001095,Male,No,0,Graduate,No,3167,0.0,74.0,360.0,1.0,Urban,N
178,LP001994,Female,No,0,Graduate,No,2400,1863.0,104.0,360.0,0.0,Urban,N
179,LP002487,Male,Yes,0,Graduate,No,3015,2188.0,153.0,360.0,1.0,Rural,Y
180,LP001116,Male,No,0,Not Graduate,No,3748,1668.0,110.0,360.0,1.0,Semiurban,Y
181,LP002459,Male,Yes,0,Graduate,No,4301,0.0,118.0,360.0,1.0,Urban,Y
182,LP001657,Male,Yes,0,Not Graduate,No,6033,0.0,160.0,360.0,1.0,Urban,N
183,LP001248,Male,No,0,Graduate,No,3500,0.0,81.0,300.0,1.0,Semiurban,Y
184,LP002684,Female,No,0,Not Graduate,No,3400,0.0,95.0,360.0,1.0,Rural,N
185,LP001824,Male,Yes,1,Graduate,No,2882,1843.0,123.0,480.0,1.0,Semiurban,Y
186,LP002409,Male,Yes,0,Graduate,No,7901,1833.0,180.0,360.0,1.0,Rural,Y
187,LP001238,Male,Yes,3+,Not Graduate,Yes,7100,0.0,125.0,60.0,1.0,Urban,Y
188,LP001947,Male,Yes,0,Graduate,No,2383,3334.0,172.0,360.0,1.0,Semiurban,Y
189,LP001024,Male,Yes,2,Graduate,No,3200,700.0,70.0,360.0,1.0,Urban,Y
190,LP001692,Female,No,0,Not Graduate,No,4408,0.0,120.0,360.0,1.0,Semiurban,Y
191,LP001693,Female,No,0,Graduate,No,3244,0.0,80.0,360.0,1.0,Urban,Y
192,LP001811,Male,Yes,0,Not Graduate,No,3406,4417.0,123.0,360.0,1.0,Semiurban,Y
193,LP001749,Male,Yes,0,Graduate,No,7578,1010.0,175.0,360.0,1.0,Semiurban,Y
194,LP002588,Male,Yes,0,Graduate,No,4625,2857.0,111.0,12.0,1.0,Urban,Y
195,LP001864,Male,Yes,3+,Not Graduate,No,4931,0.0,128.0,360.0,1.0,Semiurban,N
196,LP001872,Male,No,0,Graduate,Yes,5166,0.0,128.0,360.0,1.0,Semiurban,Y
197,LP001964,Male,Yes,0,Not Graduate,No,1800,2934.0,93.0,360.0,0.0,Urban,N
198,LP001041,Male,Yes,0,Graduate,No,2600,3500.0,115.0,360.0,1.0,Urban,Y
199,LP001673,Male,No,0,Graduate,Yes,11000,0.0,83.0,360.0,1.0,Urban,N
200,LP002175,Male,Yes,0,Graduate,No,4750,2333.0,130.0,360.0,1.0,Urban,Y
201,LP001682,Male,Yes,3+,Not Graduate,No,3992,0.0,147.3099787685775,180.0,1.0,Urban,N
202,LP002784,Male,Yes,1,Not Graduate,No,2492,2375.0,147.3099787685775,360.0,1.0,Rural,Y
203,LP002792,Male,Yes,1,Graduate,No,5468,1032.0,26.0,360.0,1.0,Semiurban,Y
204,LP001036,Female,No,0,Graduate,No,3510,0.0,76.0,360.0,0.0,Urban,N
205,LP002500,Male,Yes,3+,Not Graduate,No,2947,1664.0,70.0,180.0,0.0,Urban,N
206,LP002006,Female,No,0,Graduate,No,2507,0.0,56.0,360.0,1.0,Rural,Y
207,LP001473,Male,No,0,Graduate,No,2014,1929.0,74.0,360.0,1.0,Urban,Y
208,LP002984,Male,Yes,2,Graduate,No,7583,0.0,187.0,360.0,1.0,Urban,Y
209,LP002054,Male,Yes,2,Not Graduate,No,3601,1590.0,147.3099787685775,360.0,1.0,Rural,Y
210,LP001904,Male,Yes,0,Graduate,No,3103,1300.0,80.0,360.0,1.0,Urban,Y
211,LP002842,Male,Yes,1,Graduate,No,3417,1750.0,186.0,360.0,1.0,Urban,Y
212,LP002585,Male,Yes,0,Graduate,No,3597,2157.0,119.0,360.0,0.0,Rural,N
213,LP001002,Male,No,0,Graduate,No,5849,0.0,147.3099787685775,360.0,1.0,Urban,Y
214,LP002467,Male,Yes,0,Graduate,No,3708,2569.0,173.0,360.0,1.0,Urban,N
215,LP001708,Female,No,0,Graduate,No,10000,0.0,214.0,360.0,1.0,Semiurban,N
216,LP001157,Female,No,0,Graduate,No,3086,0.0,120.0,360.0,1.0,Semiurban,Y
217,LP002262,Male,Yes,3+,Graduate,No,9504,0.0,275.0,360.0,1.0,Rural,Y
218,LP001137,Female,No,0,Graduate,No,3410,0.0,88.0,360.0,1.0,Urban,Y
219,LP001786,Male,Yes,0,Graduate,No,5746,0.0,255.0,360.0,1.0,Urban,N
220,LP001109,Male,Yes,0,Graduate,No,1828,1330.0,100.0,360.0,0.0,Urban,N
221,LP001859,Male,Yes,0,Graduate,No,14683,2100.0,304.0,360.0,1.0,Rural,N
222,LP001636,Male,Yes,0,Graduate,No,4600,0.0,73.0,180.0,1.0,Semiurban,Y
223,LP001030,Male,Yes,2,Graduate,No,1299,1086.0,17.0,120.0,1.0,Urban,Y
224,LP002670,Female,Yes,2,Graduate,No,2031,1632.0,113.0,480.0,1.0,Semiurban,Y
225,LP001585,Male,Yes,3+,Graduate,No,51763,0.0,700.0,300.0,1.0,Urban,Y
226,LP001213,Male,Yes,1,Graduate,No,4945,0.0,147.3099787685775,360.0,0.0,Rural,N
227,LP002357,Female,No,0,Not Graduate,No,2720,0.0,80.0,360.0,0.0,Urban,N
228,LP001616,Male,Yes,1,Graduate,No,3750,0.0,116.0,360.0,1.0,Semiurban,Y
229,LP001798,Male,Yes,2,Graduate,No,5819,5000.0,120.0,360.0,1.0,Rural,Y
230,LP001233,Male,Yes,1,Graduate,No,10750,0.0,312.0,360.0,1.0,Urban,Y
231,LP001034,Male,No,1,Not Graduate,No,3596,0.0,100.0,240.0,1.0,Urban,Y
232,LP002544,Male,Yes,1,Not Graduate,No,1958,2436.0,131.0,360.0,1.0,Rural,Y
233,LP002541,Male,Yes,0,Graduate,No,10833,0.0,234.0,360.0,1.0,Semiurban,Y
234,LP001594,Male,Yes,0,Graduate,No,5708,5625.0,187.0,360.0,1.0,Semiurban,Y
235,LP001580,Male,Yes,2,Graduate,No,8000,0.0,200.0,360.0,1.0,Semiurban,Y
236,LP001736,Male,Yes,0,Graduate,No,2221,0.0,60.0,360.0,0.0,Urban,N
237,LP002250,Male,Yes,0,Graduate,No,5488,0.0,125.0,360.0,1.0,Rural,Y
238,LP001469,Male,No,0,Graduate,Yes,20166,0.0,650.0,480.0,1.0,Urban,Y
239,LP001369,Male,Yes,2,Graduate,No,11417,1126.0,225.0,360.0,1.0,Urban,Y
240,LP001529,Male,Yes,0,Graduate,Yes,2577,3750.0,152.0,360.0,1.0,Rural,Y
241,LP002142,Female,Yes,0,Graduate,Yes,5500,0.0,105.0,360.0,0.0,Rural,N
242,LP001032,Male,No,0,Graduate,No,4950,0.0,125.0,360.0,1.0,Urban,Y
243,LP002209,Female,No,0,Graduate,No,2764,1459.0,110.0,360.0,1.0,Urban,Y
244,LP001038,Male,Yes,0,Not Graduate,No,4887,0.0,133.0,360.0,1.0,Rural,N
245,LP002191,Male,Yes,0,Graduate,No,19730,5266.0,570.0,360.0,1.0,Rural,N
246,LP001516,Female,Yes,2,Graduate,No,14866,0.0,70.0,360.0,1.0,Urban,Y
247,LP002097,Male,No,1,Graduate,No,4384,1793.0,117.0,360.0,1.0,Urban,Y
248,LP001586,Male,Yes,3+,Not Graduate,No,3522,0.0,81.0,180.0,1.0,Rural,N
249,LP002244,Male,Yes,0,Graduate,No,2333,2417.0,136.0,360.0,1.0,Urban,Y
250,LP002840,Female,No,0,Graduate,No,2378,0.0,9.0,360.0,1.0,Urban,N
251,LP001990,Male,No,0,Not Graduate,No,2000,0.0,147.3099787685775,360.0,1.0,Urban,N
252,LP001391,Male,Yes,0,Not Graduate,No,3572,4114.0,152.0,360.0,0.0,Rural,N
253,LP002366,Male,Yes,0,Graduate,No,2666,4300.0,121.0,360.0,1.0,Rural,Y
254,LP002386,Male,No,0,Graduate,No,12876,0.0,405.0,360.0,1.0,Semiurban,Y
255,LP002683,Male,No,0,Graduate,No,4683,1915.0,185.0,360.0,1.0,Semiurban,N
256,LP001498,Male,No,0,Graduate,No,5417,0.0,168.0,360.0,1.0,Urban,Y
257,LP001998,Male,Yes,2,Not Graduate,No,7667,0.0,185.0,360.0,1.0,Rural,Y
258,LP002328,Male,Yes,0,Not Graduate,No,6096,0.0,218.0,360.0,0.0,Rural,N
259,LP001669,Female,No,0,Not Graduate,No,1907,2365.0,120.0,360.0,1.0,Urban,Y
260,LP002772,Male,No,0,Graduate,No,2526,1783.0,145.0,360.0,1.0,Rural,Y
261,LP001647,Male,Yes,0,Graduate,No,9328,0.0,188.0,180.0,1.0,Rural,Y
262,LP001713,Male,Yes,1,Graduate,Yes,7787,0.0,240.0,360.0,1.0,Urban,Y
263,LP002281,Male,Yes,0,Graduate,No,3033,1459.0,95.0,360.0,1.0,Urban,Y
264,LP002332,Male,Yes,0,Not Graduate,No,2253,2033.0,110.0,360.0,1.0,Rural,Y
265,LP002449,Male,Yes,0,Graduate,No,2483,2466.0,90.0,180.0,0.0,Rural,Y
266,LP001541,Male,Yes,1,Graduate,No,6000,0.0,160.0,360.0,1.0,Rural,Y
267,LP002602,Male,No,0,Graduate,No,6283,4416.0,209.0,360.0,0.0,Rural,N
268,LP001903,Male,Yes,0,Graduate,No,3993,3274.0,207.0,360.0,1.0,Semiurban,Y
269,LP001086,Male,No,0,Not Graduate,No,1442,0.0,35.0,360.0,1.0,Urban,N
270,LP001334,Male,Yes,0,Not Graduate,No,4188,0.0,115.0,180.0,1.0,Semiurban,Y
271,LP002753,Female,No,1,Graduate,No,3652,0.0,95.0,360.0,1.0,Semiurban,Y
272,LP002714,Male,No,1,Not Graduate,No,2679,1302.0,94.0,360.0,1.0,Semiurban,Y
273,LP002652,Male,No,0,Graduate,No,5815,3666.0,311.0,360.0,1.0,Rural,N
274,LP002586,Female,Yes,1,Graduate,No,3326,913.0,105.0,84.0,1.0,Semiurban,Y
275,LP001641,Male,Yes,1,Graduate,Yes,2178,0.0,66.0,300.0,0.0,Rural,N
276,LP002103,Male,Yes,1,Graduate,Yes,9833,1833.0,182.0,180.0,1.0,Urban,Y
277,LP002813,Female,Yes,1,Graduate,Yes,19484,0.0,600.0,360.0,1.0,Semiurban,Y
278,LP002732,Male,No,0,Not Graduate,No,2550,2042.0,126.0,360.0,1.0,Rural,Y
279,LP001028,Male,Yes,2,Graduate,No,3073,8106.0,200.0,360.0,1.0,Urban,Y
280,LP002447,Male,Yes,2,Not Graduate,No,1958,1456.0,60.0,300.0,1.0,Urban,Y
281,LP002112,Male,Yes,2,Graduate,Yes,2500,4600.0,176.0,360.0,1.0,Rural,Y
282,LP001478,Male,No,0,Graduate,No,2718,0.0,70.0,360.0,1.0,Semiurban,Y
283,LP002342,Male,Yes,2,Graduate,Yes,1600,20000.0,239.0,360.0,1.0,Urban,N
284,LP002265,Male,Yes,2,Not Graduate,No,1993,1625.0,113.0,180.0,1.0,Semiurban,Y
285,LP002446,Male,Yes,2,Not Graduate,No,2309,1255.0,125.0,360.0,0.0,Rural,N
286,LP002643,Male,Yes,2,Graduate,No,3283,2035.0,148.0,360.0,1.0,Urban,Y
287,LP001326,Male,No,0,Graduate,No,6782,0.0,147.3099787685775,360.0,1.0,Urban,N
288,LP002877,Male,Yes,1,Graduate,No,1782,2232.0,107.0,360.0,1.0,Rural,Y
289,LP002543,Male,Yes,2,Graduate,No,8333,0.0,246.0,360.0,1.0,Semiurban,Y
290,LP002100,Male,No,0,Graduate,No,2833,0.0,71.0,360.0,1.0,Urban,Y
291,LP002393,Female,Yes,0,Graduate,No,10047,0.0,147.3099787685775,240.0,1.0,Semiurban,Y
292,LP001914,Male,Yes,0,Graduate,No,3927,800.0,112.0,360.0,1.0,Semiurban,Y
293,LP001087,Female,No,2,Graduate,No,3750,2083.0,120.0,360.0,1.0,Semiurban,Y
294,LP001020,Male,Yes,1,Graduate,No,12841,10968.0,349.0,360.0,1.0,Semiurban,N
295,LP001243,Male,Yes,0,Graduate,No,3208,3066.0,172.0,360.0,1.0,Urban,Y
296,LP002398,Male,No,0,Graduate,No,1926,1851.0,50.0,360.0,1.0,Semiurban,Y
297,LP001836,Female,No,2,Graduate,No,3427,0.0,138.0,360.0,1.0,Urban,N
298,LP002624,Male,Yes,0,Graduate,No,20833,6667.0,480.0,360.0,1.0,Urban,Y
299,LP001491,Male,Yes,2,Graduate,Yes,3316,3500.0,88.0,360.0,1.0,Urban,Y
300,LP002243,Male,Yes,0,Not Graduate,No,3010,3136.0,147.3099787685775,360.0,0.0,Urban,N
301,LP002347,Male,Yes,0,Graduate,No,3246,1417.0,138.0,360.0,1.0,Semiurban,Y
302,LP002530,Male,Yes,2,Graduate,No,2873,1872.0,132.0,360.0,0.0,Semiurban,N
303,LP001018,Male,Yes,2,Graduate,No,4006,1526.0,168.0,360.0,1.0,Urban,Y
304,LP002448,Male,Yes,0,Graduate,No,3948,1733.0,149.0,360.0,0.0,Rural,N
305,LP001006,Male,Yes,0,Not Graduate,No,2583,2358.0,120.0,360.0,1.0,Urban,Y
306,LP001699,Male,No,0,Graduate,No,2479,0.0,59.0,360.0,1.0,Urban,Y
307,LP001677,Male,No,2,Graduate,No,4923,0.0,166.0,360.0,0.0,Semiurban,Y
308,LP001917,Female,No,0,Graduate,No,1811,1666.0,54.0,360.0,1.0,Urban,Y
309,LP002615,Male,Yes,2,Graduate,No,4865,5624.0,208.0,360.0,1.0,Semiurban,Y
310,LP002031,Male,Yes,1,Not Graduate,No,3399,1640.0,111.0,180.0,1.0,Urban,Y
311,LP001404,Female,Yes,0,Graduate,No,3167,2283.0,154.0,360.0,1.0,Semiurban,Y
312,LP001253,Male,Yes,3+,Graduate,Yes,5266,1774.0,187.0,360.0,1.0,Semiurban,Y
313,LP001843,Male,Yes,1,Not Graduate,No,2661,7101.0,279.0,180.0,1.0,Semiurban,Y
314,LP002277,Female,No,0,Graduate,No,3180,0.0,71.0,360.0,0.0,Urban,N
315,LP002872,Male,Yes,0,Graduate,No,3087,2210.0,136.0,360.0,0.0,Semiurban,N
316,LP002296,Male,No,0,Not Graduate,No,2755,0.0,65.0,300.0,1.0,Rural,N
317,LP001013,Male,Yes,0,Not Graduate,No,2333,1516.0,95.0,360.0,1.0,Urban,Y
318,LP002455,Male,Yes,2,Graduate,No,3859,0.0,96.0,360.0,1.0,Semiurban,Y
319,LP001151,Female,No,0,Graduate,No,4000,2275.0,144.0,360.0,1.0,Semiurban,Y
320,LP002958,Male,No,0,Graduate,No,3676,4301.0,172.0,360.0,1.0,Rural,Y
321,LP001844,Male,No,0,Graduate,Yes,16250,0.0,192.0,360.0,0.0,Urban,N
322,LP001487,Male,No,0,Graduate,No,4895,0.0,102.0,360.0,1.0,Semiurban,Y
323,LP002266,Male,Yes,2,Graduate,No,3100,1400.0,113.0,360.0,1.0,Urban,Y
324,LP002502,Female,Yes,2,Not Graduate,No,210,2917.0,98.0,360.0,1.0,Semiurban,Y
325,LP001343,Male,Yes,0,Graduate,No,1759,3541.0,131.0,360.0,1.0,Semiurban,Y
326,LP002453,Male,No,0,Graduate,Yes,7085,0.0,84.0,360.0,1.0,Semiurban,Y
327,LP002361,Male,Yes,0,Graduate,No,1820,1719.0,100.0,360.0,1.0,Urban,Y
328,LP002720,Male,Yes,3+,Graduate,No,4281,0.0,100.0,360.0,1.0,Urban,Y
329,LP001264,Male,Yes,3+,Not Graduate,Yes,3333,2166.0,130.0,360.0,1.0,Semiurban,Y
330,LP001870,Female,No,1,Graduate,No,3481,0.0,155.0,36.0,1.0,Semiurban,N
331,LP002160,Male,Yes,3+,Graduate,No,5167,3167.0,200.0,360.0,1.0,Semiurban,Y
332,LP002527,Male,Yes,2,Graduate,Yes,16525,1014.0,150.0,360.0,1.0,Rural,Y
333,LP002768,Male,No,0,Not Graduate,No,3358,0.0,80.0,36.0,1.0,Semiurban,N
334,LP002936,Male,Yes,0,Graduate,No,3859,3300.0,142.0,180.0,1.0,Rural,Y
335,LP001955,Female,No,0,Graduate,No,5000,2541.0,151.0,480.0,1.0,Rural,N
336,LP002444,Male,No,1,Not Graduate,Yes,2769,1542.0,190.0,360.0,1.0,Semiurban,N
337,LP001925,Female,No,0,Graduate,Yes,2600,1717.0,99.0,300.0,1.0,Semiurban,N
338,LP001790,Female,No,1,Graduate,No,3812,0.0,112.0,360.0,1.0,Rural,Y
339,LP002308,Male,Yes,0,Not Graduate,No,2167,2400.0,115.0,360.0,1.0,Urban,Y
340,LP002659,Male,Yes,3+,Graduate,No,3466,3428.0,150.0,360.0,1.0,Rural,Y
341,LP001008,Male,No,0,Graduate,No,6000,0.0,141.0,360.0,1.0,Urban,Y
342,LP001255,Male,No,0,Graduate,No,3750,0.0,113.0,480.0,1.0,Urban,N
343,LP002489,Female,No,1,Not Graduate,No,5191,0.0,132.0,360.0,1.0,Semiurban,Y
344,LP002224,Male,No,0,Graduate,No,3069,0.0,71.0,480.0,1.0,Urban,N
345,LP002115,Male,Yes,3+,Not Graduate,No,2647,1587.0,173.0,360.0,1.0,Rural,N
346,LP001098,Male,Yes,0,Graduate,No,3500,1667.0,114.0,360.0,1.0,Semiurban,Y
347,LP001043,Male,Yes,0,Not Graduate,No,7660,0.0,104.0,360.0,0.0,Urban,N
348,LP002755,Male,Yes,1,Not Graduate,No,2239,2524.0,128.0,360.0,1.0,Urban,Y
349,LP002141,Male,Yes,3+,Graduate,No,2666,2083.0,95.0,360.0,1.0,Rural,Y
350,LP001603,Male,Yes,0,Not Graduate,Yes,4344,736.0,87.0,360.0,1.0,Semiurban,N
351,LP002236,Male,Yes,2,Graduate,No,4566,0.0,100.0,360.0,1.0,Urban,N
352,LP002055,Female,No,0,Graduate,No,3166,2985.0,132.0,360.0,1.0,Rural,Y
353,LP001577,Female,Yes,0,Graduate,No,4583,0.0,112.0,360.0,1.0,Rural,N
354,LP001310,Male,Yes,0,Graduate,No,5695,4167.0,175.0,360.0,1.0,Semiurban,Y
355,LP001868,Male,No,0,Graduate,No,2060,2209.0,134.0,360.0,1.0,Semiurban,Y
356,LP002847,Male,Yes,0,Graduate,No,5116,1451.0,165.0,360.0,0.0,Urban,N
357,LP001761,Male,No,0,Graduate,Yes,6400,0.0,200.0,360.0,1.0,Rural,Y
358,LP001711,Male,Yes,3+,Graduate,No,3430,1250.0,128.0,360.0,0.0,Semiurban,N
359,LP001451,Male,Yes,1,Graduate,Yes,10513,3850.0,160.0,180.0,0.0,Urban,N
360,LP002505,Male,Yes,0,Graduate,No,4333,2451.0,110.0,360.0,1.0,Urban,N
361,LP001482,Male,Yes,0,Graduate,Yes,3459,0.0,25.0,120.0,1.0,Semiurban,Y
362,LP001432,Male,Yes,2,Graduate,No,2957,0.0,81.0,360.0,1.0,Semiurban,Y
363,LP001357,Male,Yes,0,Graduate,No,3816,754.0,160.0,360.0,1.0,Urban,Y
364,LP002377,Female,No,1,Graduate,Yes,8624,0.0,150.0,360.0,1.0,Semiurban,Y
365,LP002933,Male,No,3+,Graduate,Yes,9357,0.0,292.0,360.0,1.0,Semiurban,Y
366,LP002912,Male,Yes,1,Graduate,No,4283,3000.0,172.0,84.0,1.0,Rural,N
367,LP001671,Female,Yes,0,Graduate,No,3416,2816.0,113.0,360.0,1.0,Semiurban,Y
368,LP001720,Male,Yes,3+,Not Graduate,No,3850,983.0,100.0,360.0,1.0,Semiurban,Y
369,LP001206,Male,Yes,3+,Graduate,No,3029,0.0,99.0,360.0,1.0,Urban,Y
370,LP002149,Male,Yes,2,Graduate,No,8333,3167.0,165.0,360.0,1.0,Rural,Y
371,LP002114,Female,No,0,Graduate,No,4160,0.0,71.0,360.0,1.0,Semiurban,Y
372,LP001578,Male,Yes,0,Graduate,No,2439,3333.0,129.0,360.0,1.0,Rural,Y
373,LP001922,Male,Yes,0,Graduate,No,20667,0.0,147.3099787685775,360.0,1.0,Rural,N
374,LP001228,Male,No,0,Not Graduate,No,3200,2254.0,126.0,180.0,0.0,Urban,N
375,LP001073,Male,Yes,2,Not Graduate,No,4226,1040.0,110.0,360.0,1.0,Urban,Y
376,LP002979,Male,Yes,3+,Graduate,No,4106,0.0,40.0,180.0,1.0,Rural,Y
377,LP001800,Male,Yes,1,Not Graduate,No,2510,1983.0,140.0,180.0,1.0,Urban,N
378,LP002187,Male,No,0,Graduate,No,2500,0.0,96.0,480.0,1.0,Semiurban,N
379,LP002961,Male,Yes,1,Graduate,No,3400,2500.0,173.0,360.0,1.0,Semiurban,Y
380,LP002263,Male,Yes,0,Graduate,No,2583,2115.0,120.0,360.0,1.0,Urban,Y
381,LP002571,Male,No,0,Not Graduate,No,3691,0.0,110.0,360.0,1.0,Rural,Y
382,LP001422,Female,No,0,Graduate,No,10408,0.0,259.0,360.0,1.0,Urban,Y
383,LP002229,Male,No,0,Graduate,No,5941,4232.0,296.0,360.0,1.0,Semiurban,Y
384,LP001052,Male,Yes,1,Graduate,No,3717,2925.0,151.0,360.0,1.0,Semiurban,N
385,LP001908,Female,Yes,0,Not Graduate,No,4100,0.0,124.0,360.0,1.0,Rural,Y
386,LP001384,Male,Yes,3+,Not Graduate,No,2071,754.0,94.0,480.0,1.0,Semiurban,Y
387,LP001448,Male,Yes,3+,Graduate,No,23803,0.0,370.0,360.0,1.0,Rural,Y
388,LP001877,Male,Yes,2,Graduate,No,4708,1387.0,150.0,360.0,1.0,Semiurban,Y
389,LP002556,Male,No,0,Graduate,No,2435,0.0,75.0,360.0,1.0,Urban,N
390,LP001715,Male,Yes,3+,Not Graduate,Yes,5703,0.0,130.0,360.0,1.0,Rural,Y
391,LP001993,Female,No,0,Graduate,No,3762,1666.0,135.0,360.0,1.0,Rural,Y
392,LP002778,Male,Yes,2,Graduate,Yes,6633,0.0,147.3099787685775,360.0,0.0,Rural,N
393,LP002898,Male,Yes,1,Graduate,No,1880,0.0,61.0,360.0,1.0,Rural,N
394,LP001449,Male,No,0,Graduate,No,3865,1640.0,147.3099787685775,360.0,1.0,Rural,Y
395,LP002731,Female,No,0,Not Graduate,Yes,18165,0.0,125.0,360.0,1.0,Urban,Y
396,LP002600,Male,Yes,1,Graduate,Yes,2895,0.0,95.0,360.0,1.0,Semiurban,Y
397,LP002777,Male,Yes,0,Graduate,No,2785,2016.0,110.0,360.0,1.0,Rural,Y
398,LP002837,Male,Yes,3+,Graduate,No,3400,2500.0,123.0,360.0,0.0,Rural,N
399,LP002004,Male,No,0,Not Graduate,No,2927,2405.0,111.0,360.0,1.0,Semiurban,Y
400,LP001926,Male,Yes,0,Graduate,No,3704,2000.0,120.0,360.0,1.0,Rural,Y
401,LP002151,Male,Yes,1,Graduate,No,3875,0.0,67.0,360.0,1.0,Urban,N
402,LP002390,Male,No,0,Graduate,No,3750,0.0,100.0,360.0,1.0,Urban,Y
403,LP001819,Male,Yes,1,Not Graduate,No,6608,0.0,137.0,180.0,1.0,Urban,Y
404,LP002648,Male,Yes,0,Graduate,No,2130,6666.0,70.0,180.0,1.0,Semiurban,N
405,LP002836,Male,No,0,Graduate,No,3333,0.0,70.0,360.0,1.0,Urban,Y
406,LP001066,Male,Yes,0,Graduate,Yes,9560,0.0,191.0,360.0,1.0,Semiurban,Y
407,LP002255,Male,No,3+,Graduate,No,9167,0.0,185.0,360.0,1.0,Rural,Y
408,LP002862,Male,Yes,2,Not Graduate,No,6125,1625.0,187.0,480.0,1.0,Semiurban,N
409,LP002288,Male,Yes,2,Not Graduate,No,2889,0.0,45.0,180.0,0.0,Urban,N
410,LP002524,Male,No,2,Graduate,No,5532,4648.0,162.0,360.0,1.0,Rural,Y
411,LP002126,Male,Yes,3+,Not Graduate,No,3173,0.0,74.0,360.0,1.0,Semiurban,Y
412,LP001519,Female,No,0,Graduate,No,10000,1666.0,225.0,360.0,1.0,Rural,N
413,LP001164,Female,No,0,Graduate,No,4230,0.0,112.0,360.0,1.0,Semiurban,N
414,LP002197,Male,Yes,2,Graduate,No,5185,0.0,155.0,360.0,1.0,Semiurban,Y
415,LP002401,Male,Yes,0,Graduate,No,2213,1125.0,147.3099787685775,360.0,1.0,Urban,Y
416,LP001275,Male,Yes,1,Graduate,No,3988,0.0,50.0,240.0,1.0,Urban,Y
417,LP001924,Male,No,0,Graduate,No,3158,3053.0,89.0,360.0,1.0,Rural,Y
418,LP002767,Male,Yes,0,Graduate,No,2768,1950.0,155.0,360.0,1.0,Rural,Y
419,LP002364,Male,Yes,0,Graduate,No,14880,0.0,96.0,360.0,1.0,Semiurban,Y
420,LP001691,Male,Yes,2,Not Graduate,No,3917,0.0,124.0,360.0,1.0,Semiurban,Y
421,LP002181,Male,No,0,Not Graduate,No,6216,0.0,133.0,360.0,1.0,Rural,N
422,LP002776,Female,No,0,Graduate,No,5000,0.0,103.0,360.0,0.0,Semiurban,N
423,LP002345,Male,Yes,0,Graduate,No,1025,2773.0,112.0,360.0,1.0,Rural,Y
424,LP002888,Male,No,0,Graduate,No,3182,2917.0,161.0,360.0,1.0,Urban,Y
425,LP001562,Male,Yes,0,Graduate,No,7933,0.0,275.0,360.0,1.0,Urban,N
426,LP002098,Male,No,0,Graduate,No,2935,0.0,98.0,360.0,1.0,Semiurban,Y
427,LP001155,Female,Yes,0,Not Graduate,No,1928,1644.0,100.0,360.0,1.0,Semiurban,Y
428,LP002938,Male,Yes,0,Graduate,Yes,16120,0.0,260.0,360.0,1.0,Urban,Y
429,LP001854,Male,Yes,3+,Graduate,No,5250,0.0,94.0,360.0,1.0,Urban,N
430,LP001665,Male,Yes,1,Graduate,No,3125,2583.0,170.0,360.0,1.0,Semiurban,N
431,LP001936,Male,Yes,0,Graduate,No,3075,2416.0,139.0,360.0,1.0,Rural,Y
432,LP001431,Female,No,0,Graduate,No,2137,8980.0,137.0,360.0,0.0,Semiurban,Y
433,LP002067,Male,Yes,1,Graduate,Yes,8666,4983.0,376.0,360.0,0.0,Rural,N
434,LP001318,Male,Yes,2,Graduate,No,6250,5654.0,188.0,180.0,1.0,Semiurban,Y
435,LP001702,Male,No,0,Graduate,No,3418,0.0,127.0,360.0,1.0,Semiurban,N
436,LP001050,Male,Yes,2,Not Graduate,No,3365,1917.0,112.0,360.0,0.0,Rural,N
437,LP001974,Female,No,0,Graduate,No,5000,0.0,132.0,360.0,1.0,Rural,Y
438,LP002219,Male,Yes,3+,Graduate,No,8750,4996.0,130.0,360.0,1.0,Rural,Y
439,LP001543,Male,Yes,1,Graduate,No,9538,0.0,187.0,360.0,1.0,Urban,Y
440,LP001778,Male,Yes,1,Graduate,No,3155,1779.0,140.0,360.0,1.0,Semiurban,Y
441,LP001972,Male,Yes,0,Not Graduate,No,2875,1750.0,105.0,360.0,1.0,Semiurban,Y
442,LP001892,Male,No,0,Graduate,No,2833,1857.0,126.0,360.0,1.0,Rural,Y
443,LP002053,Male,Yes,3+,Graduate,No,4342,189.0,124.0,360.0,1.0,Semiurban,Y
444,LP001091,Male,Yes,1,Graduate,No,4166,3369.0,201.0,360.0,1.0,Urban,N
445,LP001633,Male,Yes,1,Graduate,No,6400,7250.0,180.0,360.0,0.0,Urban,N
446,LP001439,Male,Yes,0,Not Graduate,No,4300,2014.0,194.0,360.0,1.0,Rural,Y
447,LP002582,Female,No,0,Not Graduate,Yes,17263,0.0,225.0,360.0,1.0,Semiurban,Y
448,LP001915,Male,Yes,2,Graduate,No,2301,985.7999878,78.0,180.0,1.0,Urban,Y
449,LP001560,Male,Yes,0,Not Graduate,No,1863,1041.0,98.0,360.0,1.0,Semiurban,Y
450,LP002434,Male,Yes,2,Not Graduate,No,4652,0.0,110.0,360.0,1.0,Rural,Y
451,LP002379,Male,No,0,Graduate,No,6500,0.0,105.0,360.0,0.0,Rural,N
452,LP001356,Male,Yes,0,Graduate,No,4652,3583.0,147.3099787685775,360.0,1.0,Semiurban,Y
453,LP002832,Male,Yes,2,Graduate,No,8799,0.0,258.0,360.0,0.0,Urban,N
454,LP002315,Male,Yes,1,Graduate,No,8300,0.0,152.0,300.0,0.0,Semiurban,N
455,LP001319,Male,Yes,2,Not Graduate,No,3273,1820.0,81.0,360.0,1.0,Urban,Y
456,LP001765,Male,Yes,1,Graduate,No,2491,2054.0,104.0,360.0,1.0,Semiurban,Y
457,LP001398,Male,No,0,Graduate,No,5050,0.0,118.0,360.0,1.0,Semiurban,Y
458,LP002297,Male,No,0,Graduate,No,2500,20000.0,103.0,360.0,1.0,Semiurban,Y
459,LP001367,Male,Yes,1,Graduate,No,3052,1030.0,100.0,360.0,1.0,Urban,Y
460,LP002137,Male,Yes,0,Graduate,No,6333,4583.0,259.0,360.0,1.0,Semiurban,Y
461,LP001807,Male,Yes,2,Graduate,Yes,6250,1300.0,108.0,360.0,1.0,Rural,Y
462,LP002131,Male,Yes,2,Not Graduate,No,3083,2168.0,126.0,360.0,1.0,Urban,Y
463,LP001199,Male,Yes,2,Not Graduate,No,3357,2859.0,144.0,360.0,1.0,Urban,Y
464,LP001349,Male,No,0,Graduate,No,4843,3806.0,151.0,360.0,1.0,Semiurban,Y
465,LP001493,Male,Yes,2,Not Graduate,No,4200,1430.0,129.0,360.0,1.0,Rural,N
466,LP002555,Male,Yes,2,Graduate,Yes,4583,2083.0,160.0,360.0,1.0,Semiurban,Y
467,LP001546,Male,No,0,Graduate,No,2980,2083.0,120.0,360.0,1.0,Rural,Y
468,LP001443,Female,No,0,Graduate,No,3692,0.0,93.0,360.0,1.0,Rural,Y
469,LP002693,Male,Yes,2,Graduate,Yes,7948,7166.0,480.0,360.0,1.0,Rural,Y
470,LP001131,Male,Yes,0,Graduate,No,3941,2336.0,134.0,360.0,1.0,Semiurban,Y
471,LP001097,Male,No,1,Graduate,Yes,4692,0.0,106.0,360.0,1.0,Rural,N
472,LP002618,Male,Yes,1,Not Graduate,No,4050,5302.0,138.0,360.0,1.0,Rural,N
473,LP001760,Male,Yes,0,Graduate,No,4758,0.0,158.0,480.0,1.0,Semiurban,Y
474,LP002833,Male,Yes,0,Not Graduate,No,4467,0.0,120.0,360.0,1.0,Rural,Y
475,LP002201,Male,Yes,2,Graduate,Yes,9323,7873.0,380.0,300.0,1.0,Rural,Y
476,LP002158,Male,Yes,0,Not Graduate,No,3000,1666.0,100.0,480.0,0.0,Urban,N
477,LP001316,Male,Yes,0,Graduate,No,2958,2900.0,131.0,360.0,1.0,Semiurban,Y
478,LP002319,Male,Yes,0,Graduate,No,6256,0.0,160.0,360.0,1.0,Urban,Y
479,LP001637,Male,Yes,1,Graduate,No,33846,0.0,260.0,360.0,1.0,Semiurban,N
480,LP002729,Male,No,1,Graduate,No,11250,0.0,196.0,360.0,1.0,Semiurban,N
481,LP002161,Female,No,1,Graduate,No,4723,0.0,81.0,360.0,1.0,Semiurban,N
482,LP002234,Male,No,0,Graduate,Yes,7167,0.0,128.0,360.0,1.0,Urban,Y
483,LP001954,Female,Yes,1,Graduate,No,4666,0.0,135.0,360.0,1.0,Urban,Y
484,LP002435,Male,Yes,0,Graduate,No,3539,1376.0,55.0,360.0,1.0,Rural,N
485,LP001405,Male,Yes,1,Graduate,No,2214,1398.0,85.0,360.0,1.0,Urban,Y
486,LP001744,Male,No,0,Graduate,No,2971,2791.0,144.0,360.0,1.0,Semiurban,Y
487,LP002138,Male,Yes,0,Graduate,No,2625,6250.0,187.0,360.0,1.0,Rural,Y
488,LP001068,Male,Yes,0,Graduate,No,2799,2253.0,122.0,360.0,1.0,Semiurban,Y
489,LP001327,Female,Yes,0,Graduate,No,2484,2302.0,137.0,360.0,1.0,Semiurban,Y
490,LP002143,Female,Yes,0,Graduate,No,2423,505.0,130.0,360.0,1.0,Semiurban,Y
